assets/audio/en/today.mp3	745fe95d-9f3e-4d99-9cda-cb5746b742fb	https://d8j0ntlcm91z4.cloudfront.net/user_3DfAawD3Umi5iqU3oLyR59j3JKD/hf_20261009_214208_745fe95d-9f3e-4d99-9cda-cb5746b742fb.mp3	Today you will learn three things.
assets/audio/en/sound_intro.mp3	924332a8-8471-4a5a-b0de-b8573bb008b1	https://d8j0ntlcm91z4.cloudfront.net/user_3DfAawD3Umi5iqU3oLyR59j3JKD/hf_20261009_214208_924332a8-8471-4a5a-b0de-b8573bb008b1.mp3	Now for the sound of the day.
assets/audio/en/examples.mp3	779c7fd7-0426-4ced-8a9a-b6716b0485aa	https://d8j0ntlcm91z4.cloudfront.net/user_3DfAawD3Umi5iqU3oLyR59j3JKD/hf_20261009_214209_779c7fd7-0426-4ced-8a9a-b6716b0485aa.mp3	Listen for it in these words.
assets/audio/en/listen.mp3	f2219e03-34f2-4bab-a714-75540e1df9ad	https://d8j0ntlcm91z4.cloudfront.net/user_3DfAawD3Umi5iqU3oLyR59j3JKD/hf_20261009_214208_f2219e03-34f2-4bab-a714-75540e1df9ad.mp3	Listen.
assets/audio/en/again.mp3	c76a8e49-4ed3-440c-92a2-d277caec9228	https://d8j0ntlcm91z4.cloudfront.net/user_3DfAawD3Umi5iqU3oLyR59j3JKD/hf_20261009_214209_c76a8e49-4ed3-440c-92a2-d277caec9228.mp3	Listen again.
assets/audio/en/yourturn.mp3	738c518f-644d-4a71-a9b9-bdc8ec3d1aea	https://d8j0ntlcm91z4.cloudfront.net/user_3DfAawD3Umi5iqU3oLyR59j3JKD/hf_20261009_214209_738c518f-644d-4a71-a9b9-bdc8ec3d1aea.mp3	Your turn.
assets/audio/en/build.mp3	3d9d5701-fb7e-4a4d-8dd5-aff1f667b2ea	https://d8j0ntlcm91z4.cloudfront.net/user_3DfAawD3Umi5iqU3oLyR59j3JKD/hf_20261009_214209_3d9d5701-fb7e-4a4d-8dd5-aff1f667b2ea.mp3	This is how we write it.
assets/audio/en/ask_intro.mp3	83de87d8-0afa-48f8-b7bc-908ced4c6f38	https://d8j0ntlcm91z4.cloudfront.net/user_3DfAawD3Umi5iqU3oLyR59j3JKD/hf_20261009_214209_83de87d8-0afa-48f8-b7bc-908ced4c6f38.mp3	Now Bloop will talk to you. When Bloop speaks, you answer.
assets/audio/en/sing_listen.mp3	e72bf581-00a7-4943-b4be-1ccab859a5fd	https://d8j0ntlcm91z4.cloudfront.net/user_3DfAawD3Umi5iqU3oLyR59j3JKD/hf_20261009_214209_e72bf581-00a7-4943-b4be-1ccab859a5fd.mp3	Time to sing. The first time, just listen and clap.
assets/audio/en/sing_join.mp3	7d42d1c3-630c-4bef-b4dd-77c9888ccbc1	https://d8j0ntlcm91z4.cloudfront.net/user_3DfAawD3Umi5iqU3oLyR59j3JKD/hf_20261009_214209_7d42d1c3-630c-4bef-b4dd-77c9888ccbc1.mp3	Now sing it with Bloop!
assets/audio/en/sing_done.mp3	130a44a2-6a85-48b1-bd4b-3617f8f5a55c	https://d8j0ntlcm91z4.cloudfront.net/user_3DfAawD3Umi5iqU3oLyR59j3JKD/hf_20261009_214209_130a44a2-6a85-48b1-bd4b-3617f8f5a55c.mp3	Lovely singing.
assets/audio/en/together.mp3	6eb26e2a-aa7f-4fcc-b929-30601fe9dd57	https://d8j0ntlcm91z4.cloudfront.net/user_3DfAawD3Umi5iqU3oLyR59j3JKD/hf_20261009_214242_6eb26e2a-aa7f-4fcc-b929-30601fe9dd57.mp3	Now all together.
assets/audio/en/spot_intro.mp3	e34ce186-3081-4c43-bbe0-dcd33d8390b0	https://d8j0ntlcm91z4.cloudfront.net/user_3DfAawD3Umi5iqU3oLyR59j3JKD/hf_20261009_214242_e34ce186-3081-4c43-bbe0-dcd33d8390b0.mp3	Spot the word. Listen, then point to the word you hear.
assets/audio/en/spot_ok1.mp3	9a4de0a2-95b0-4f57-83e9-c1087a606c42	https://d8j0ntlcm91z4.cloudfront.net/user_3DfAawD3Umi5iqU3oLyR59j3JKD/hf_20261009_214242_9a4de0a2-95b0-4f57-83e9-c1087a606c42.mp3	Yes, that's the one!
assets/audio/en/spot_ok2.mp3	73912abf-e612-4b28-9d6a-a9ceba2334ab	https://d8j0ntlcm91z4.cloudfront.net/user_3DfAawD3Umi5iqU3oLyR59j3JKD/hf_20261009_214242_73912abf-e612-4b28-9d6a-a9ceba2334ab.mp3	Brilliant!
assets/audio/en/spot_ok3.mp3	34f90705-91a2-430f-946d-cde22cab36c5	https://d8j0ntlcm91z4.cloudfront.net/user_3DfAawD3Umi5iqU3oLyR59j3JKD/hf_20261009_214242_34f90705-91a2-430f-946d-cde22cab36c5.mp3	Spot on!
assets/audio/en/learned.mp3	5b4fd6d6-f6a2-4adc-82ff-9471ccaba573	https://d8j0ntlcm91z4.cloudfront.net/user_3DfAawD3Umi5iqU3oLyR59j3JKD/hf_20261009_214242_5b4fd6d6-f6a2-4adc-82ff-9471ccaba573.mp3	Look at everything you can do now.
assets/audio/en/bye_lead.mp3	a62b6dc6-ddba-4537-b693-fdaf4a0a1f34	https://d8j0ntlcm91z4.cloudfront.net/user_3DfAawD3Umi5iqU3oLyR59j3JKD/hf_20261009_214310_a62b6dc6-ddba-4537-b693-fdaf4a0a1f34.mp3	Wave goodbye to Bloop.
assets/audio/en/es_p1.mp3	0fb704a4-ae90-4b1d-a97d-503afcde3c94	https://d8j0ntlcm91z4.cloudfront.net/user_3DfAawD3Umi5iqU3oLyR59j3JKD/hf_20261009_214310_0fb704a4-ae90-4b1d-a97d-503afcde3c94.mp3	Bloop is saying hello in Spanish. By the end of today, you will too.
assets/audio/en/es_ican1.mp3	ed965cfd-767a-4c6b-8c11-a4a9bfc53be1	https://d8j0ntlcm91z4.cloudfront.net/user_3DfAawD3Umi5iqU3oLyR59j3JKD/hf_20261009_214310_ed965cfd-767a-4c6b-8c11-a4a9bfc53be1.mp3	I can say hello and goodbye in Spanish.
assets/audio/en/es_ican2.mp3	5c9260bd-7a8f-4d88-aa15-a4b6f05e4753	https://d8j0ntlcm91z4.cloudfront.net/user_3DfAawD3Umi5iqU3oLyR59j3JKD/hf_20261009_214310_5c9260bd-7a8f-4d88-aa15-a4b6f05e4753.mp3	I can answer yes or no.
assets/audio/en/es_ican3.mp3	14b7ca52-fdae-44b3-8c79-db7b39c90827	https://d8j0ntlcm91z4.cloudfront.net/user_3DfAawD3Umi5iqU3oLyR59j3JKD/hf_20261009_214310_14b7ca52-fdae-44b3-8c79-db7b39c90827.mp3	I can say the Spanish a and o sounds.
assets/audio/en/es_snd_a.mp3	3c18840b-8b4d-4400-ae87-a479b87a98a5	https://d8j0ntlcm91z4.cloudfront.net/user_3DfAawD3Umi5iqU3oLyR59j3JKD/hf_20261009_214310_3c18840b-8b4d-4400-ae87-a479b87a98a5.mp3	In Spanish, the letter a always makes the same short, open sound.
assets/audio/en/es_tip_a.mp3	0f06f6eb-531a-452e-afc4-114f96f8eba7	https://d8j0ntlcm91z4.cloudfront.net/user_3DfAawD3Umi5iqU3oLyR59j3JKD/hf_20261009_214312_0f06f6eb-531a-452e-afc4-114f96f8eba7.mp3	Open your mouth wide, like the start of the word father, and keep it short.
assets/audio/en/es_snd_o.mp3	cdfd1942-c502-4a22-8a89-005a6c792eb4	https://d8j0ntlcm91z4.cloudfront.net/user_3DfAawD3Umi5iqU3oLyR59j3JKD/hf_20261009_214310_cdfd1942-c502-4a22-8a89-005a6c792eb4.mp3	The letter o makes a round sound.
assets/audio/en/es_tip_o.mp3	1ecc010f-7345-4694-b371-befc2536130a	https://d8j0ntlcm91z4.cloudfront.net/user_3DfAawD3Umi5iqU3oLyR59j3JKD/hf_20261009_214310_1ecc010f-7345-4694-b371-befc2536130a.mp3	Make your lips round, like you are blowing out a candle, and keep them still.
assets/audio/en/es_silent_h.mp3	cd10d45c-7b53-4777-acd9-e0a025967d64	https://d8j0ntlcm91z4.cloudfront.net/user_3DfAawD3Umi5iqU3oLyR59j3JKD/hf_20261009_214310_cd10d45c-7b53-4777-acd9-e0a025967d64.mp3	Look at the first word. The h is a sleeping letter, so we never say it.
assets/audio/en/es_w_hola.mp3	a6fb79e7-94ae-4d75-98bc-1e0c9e44a855	https://d8j0ntlcm91z4.cloudfront.net/user_3DfAawD3Umi5iqU3oLyR59j3JKD/hf_20261009_214346_a6fb79e7-94ae-4d75-98bc-1e0c9e44a855.mp3	Our first word means hello.
assets/audio/en/es_w_buenos.mp3	0c8da093-83a9-4b16-bbcd-56bef498cb5f	https://d8j0ntlcm91z4.cloudfront.net/user_3DfAawD3Umi5iqU3oLyR59j3JKD/hf_20261009_214346_0c8da093-83a9-4b16-bbcd-56bef498cb5f.mp3	This one means good morning.
assets/audio/en/es_w_si.mp3	89be36c7-7a9f-4fc6-8c3b-4b16b7f32fee	https://d8j0ntlcm91z4.cloudfront.net/user_3DfAawD3Umi5iqU3oLyR59j3JKD/hf_20261009_214346_89be36c7-7a9f-4fc6-8c3b-4b16b7f32fee.mp3	This one means yes. Nod your head as you say it.
assets/audio/en/es_w_no.mp3	882909ae-d101-4d61-bd62-b0337b3d378e	https://d8j0ntlcm91z4.cloudfront.net/user_3DfAawD3Umi5iqU3oLyR59j3JKD/hf_20261009_214346_882909ae-d101-4d61-bd62-b0337b3d378e.mp3	And this one means no. Keep your lips round and still.
assets/audio/en/es_g_marks.mp3	07ffa922-9b65-426e-9382-1914cbfda0a7	https://d8j0ntlcm91z4.cloudfront.net/user_3DfAawD3Umi5iqU3oLyR59j3JKD/hf_20261009_214346_07ffa922-9b65-426e-9382-1914cbfda0a7.mp3	Spot the upside down mark at the start? Spanish puts one there, so you know how to say it before you begin.
assets/audio/en/es_g_q.mp3	dfd93f52-29a4-47fd-968c-bd9adcac4452	https://d8j0ntlcm91z4.cloudfront.net/user_3DfAawD3Umi5iqU3oLyR59j3JKD/hf_20261009_214346_dfd93f52-29a4-47fd-968c-bd9adcac4452.mp3	A question gets an upside down mark too. Listen.
assets/audio/en/es_ask_up.mp3	dd1051cc-4265-482a-8009-df0cdfa5449e	https://d8j0ntlcm91z4.cloudfront.net/user_3DfAawD3Umi5iqU3oLyR59j3JKD/hf_20261009_214346_dd1051cc-4265-482a-8009-df0cdfa5449e.mp3	Thumbs up. Is that yes or no?
assets/audio/en/es_ask_down.mp3	f312955f-a453-49e0-80c2-929164f57c51	https://d8j0ntlcm91z4.cloudfront.net/user_3DfAawD3Umi5iqU3oLyR59j3JKD/hf_20261009_214346_f312955f-a453-49e0-80c2-929164f57c51.mp3	Thumbs down. Yes or no?
assets/audio/en/es_ask_you.mp3	0a089b98-8dd7-4837-b353-ca98bcd901d5	https://d8j0ntlcm91z4.cloudfront.net/user_3DfAawD3Umi5iqU3oLyR59j3JKD/hf_20261009_214346_0a089b98-8dd7-4837-b353-ca98bcd901d5.mp3	Now you start. Say good morning to Bloop.
assets/audio/en/es_words_intro.mp3	a224195b-b37d-4d1f-87b5-d4933b3d703a	https://d8j0ntlcm91z4.cloudfront.net/user_3DfAawD3Umi5iqU3oLyR59j3JKD/hf_20261009_214414_a224195b-b37d-4d1f-87b5-d4933b3d703a.mp3	Now for five new words. Watch Bloop, and copy.
assets/audio/en/es_w_adios.mp3	d0ef2c86-7c54-4bb7-81cb-4bcb67c6b95b	https://d8j0ntlcm91z4.cloudfront.net/user_3DfAawD3Umi5iqU3oLyR59j3JKD/hf_20261009_214414_d0ef2c86-7c54-4bb7-81cb-4bcb67c6b95b.mp3	This one means goodbye.
assets/audio/en/es_home.mp3	35950963-4c6c-4467-9f50-28f8280c9dfe	https://d8j0ntlcm91z4.cloudfront.net/user_3DfAawD3Umi5iqU3oLyR59j3JKD/hf_20261009_214414_35950963-4c6c-4467-9f50-28f8280c9dfe.mp3	Your job for home: tonight, teach someone at home how to say hello, good morning and goodbye in Spanish.
assets/audio/en/fr_p1.mp3	b3c10643-f6f3-42c4-8d92-d8558d1396d5	https://d8j0ntlcm91z4.cloudfront.net/user_3DfAawD3Umi5iqU3oLyR59j3JKD/hf_20261009_214414_b3c10643-f6f3-42c4-8d92-d8558d1396d5.mp3	Bloop is saying hello in French. By the end of today, you will too.
assets/audio/en/fr_ican1.mp3	e22c8d50-1c8e-4df3-9d8c-12bf35b6cc36	https://d8j0ntlcm91z4.cloudfront.net/user_3DfAawD3Umi5iqU3oLyR59j3JKD/hf_20261009_214414_e22c8d50-1c8e-4df3-9d8c-12bf35b6cc36.mp3	I can say hello and goodbye in French.
assets/audio/en/fr_ican2.mp3	a2340789-20e8-4fe1-9186-ad3a44e38434	https://d8j0ntlcm91z4.cloudfront.net/user_3DfAawD3Umi5iqU3oLyR59j3JKD/hf_20261009_214414_a2340789-20e8-4fe1-9186-ad3a44e38434.mp3	I can say thank you.
assets/audio/en/fr_ican3.mp3	bd03b862-760c-44bd-8a75-fa8cdd6ddf25	https://d8j0ntlcm91z4.cloudfront.net/user_3DfAawD3Umi5iqU3oLyR59j3JKD/hf_20261009_214414_bd03b862-760c-44bd-8a75-fa8cdd6ddf25.mp3	I can hear the French sound i.
assets/audio/en/fr_snd_i.mp3	ca5ec692-e0ab-4bb2-9f5b-e97a853e616a	https://d8j0ntlcm91z4.cloudfront.net/user_3DfAawD3Umi5iqU3oLyR59j3JKD/hf_20261009_214414_ca5ec692-e0ab-4bb2-9f5b-e97a853e616a.mp3	In French, the letter i makes a short, bright sound. The letter y can make it too.
assets/audio/en/fr_tip_i.mp3	f691a213-c1ca-4f7d-bba6-173e3407df99	https://d8j0ntlcm91z4.cloudfront.net/user_3DfAawD3Umi5iqU3oLyR59j3JKD/hf_20261009_214414_f691a213-c1ca-4f7d-bba6-173e3407df99.mp3	Smile wide, as if someone is taking your photo, and keep the sound short.
assets/audio/en/fr_words_intro.mp3	84b3a305-92d6-4bb4-b73e-5880bced2520	https://d8j0ntlcm91z4.cloudfront.net/user_3DfAawD3Umi5iqU3oLyR59j3JKD/hf_20261009_214414_84b3a305-92d6-4bb4-b73e-5880bced2520.mp3	Now for three new words. Watch Bloop, and copy.
assets/audio/en/fr_w_bonjour.mp3	2ece20c2-58c9-49c6-970d-eab03562eb11	https://d8j0ntlcm91z4.cloudfront.net/user_3DfAawD3Umi5iqU3oLyR59j3JKD/hf_20261009_214440_2ece20c2-58c9-49c6-970d-eab03562eb11.mp3	Our first word means hello. You can use it all day long.
assets/audio/en/fr_w_aurevoir.mp3	e9bcd4ce-824c-482b-a022-f3eb02902adc	https://d8j0ntlcm91z4.cloudfront.net/user_3DfAawD3Umi5iqU3oLyR59j3JKD/hf_20261009_214440_e9bcd4ce-824c-482b-a022-f3eb02902adc.mp3	This one means goodbye.
assets/audio/en/fr_w_merci.mp3	7c6530db-95da-4664-9642-60ac76996144	https://d8j0ntlcm91z4.cloudfront.net/user_3DfAawD3Umi5iqU3oLyR59j3JKD/hf_20261009_214440_7c6530db-95da-4664-9642-60ac76996144.mp3	This one means thank you. Can you hear the bright i at the end?
assets/audio/en/fr_g_adult.mp3	7802b3a3-fb11-4eee-85e2-33411ef83f1c	https://d8j0ntlcm91z4.cloudfront.net/user_3DfAawD3Umi5iqU3oLyR59j3JKD/hf_20261009_214440_7802b3a3-fb11-4eee-85e2-33411ef83f1c.mp3	This is a polite hello for a grown up.
assets/audio/en/fr_g_friend.mp3	77233d23-2a4b-49b9-a646-34a8f6518529	https://d8j0ntlcm91z4.cloudfront.net/user_3DfAawD3Umi5iqU3oLyR59j3JKD/hf_20261009_214440_77233d23-2a4b-49b9-a646-34a8f6518529.mp3	And with your friends, you can say this.
assets/audio/en/fr_ask_gift.mp3	d7652593-e031-4a04-9b17-add3abcb2d5c	https://d8j0ntlcm91z4.cloudfront.net/user_3DfAawD3Umi5iqU3oLyR59j3JKD/hf_20261009_214440_d7652593-e031-4a04-9b17-add3abcb2d5c.mp3	Bloop gives you a present. What do you say?
assets/audio/en/fr_ask_you.mp3	68ecbd3e-3faa-4344-b94b-c39ba04f75e7	https://d8j0ntlcm91z4.cloudfront.net/user_3DfAawD3Umi5iqU3oLyR59j3JKD/hf_20261009_214440_68ecbd3e-3faa-4344-b94b-c39ba04f75e7.mp3	Now you start. Say goodbye to Bloop.
assets/audio/en/fr_home.mp3	804a428c-6486-4c03-afc1-e301657e7e27	https://d8j0ntlcm91z4.cloudfront.net/user_3DfAawD3Umi5iqU3oLyR59j3JKD/hf_20261009_214440_804a428c-6486-4c03-afc1-e301657e7e27.mp3	Your job for home: tonight, teach someone at home how to say hello, thank you and goodbye in French.
assets/audio/es/hello_clip.mp3	3e056909-9145-4cb3-aa99-556ed55f8c64	https://d8j0ntlcm91z4.cloudfront.net/user_3DfAawD3Umi5iqU3oLyR59j3JKD/hf_20261009_214440_3e056909-9145-4cb3-aa99-556ed55f8c64.mp3	¡Hola! ¡Buenos días!
assets/audio/es/hola.mp3	d6c46e63-57cc-447b-9d0e-4683280ead65	https://d8j0ntlcm91z4.cloudfront.net/user_3DfAawD3Umi5iqU3oLyR59j3JKD/hf_20261009_214440_d6c46e63-57cc-447b-9d0e-4683280ead65.mp3	¡Hola!
assets/audio/es/buenos.mp3	619e813f-0062-44ce-96e4-4fb83ccbe7cb	https://d8j0ntlcm91z4.cloudfront.net/user_3DfAawD3Umi5iqU3oLyR59j3JKD/hf_20261009_214509_619e813f-0062-44ce-96e4-4fb83ccbe7cb.mp3	¡Buenos días!
assets/audio/es/adios.mp3	f358d0d9-ef6a-421d-8cfd-248ee6da3f8c	https://d8j0ntlcm91z4.cloudfront.net/user_3DfAawD3Umi5iqU3oLyR59j3JKD/hf_20261009_214509_f358d0d9-ef6a-421d-8cfd-248ee6da3f8c.mp3	¡Adiós!
assets/audio/es/si.mp3	d56616d4-33ef-4319-ba30-052c3a9f63e7	https://d8j0ntlcm91z4.cloudfront.net/user_3DfAawD3Umi5iqU3oLyR59j3JKD/hf_20261009_214509_d56616d4-33ef-4319-ba30-052c3a9f63e7.mp3	¡Sí!
assets/audio/es/no.mp3	2fbaf6a2-a11a-4167-bed6-c8e709bc05b9	https://d8j0ntlcm91z4.cloudfront.net/user_3DfAawD3Umi5iqU3oLyR59j3JKD/hf_20261009_214509_2fbaf6a2-a11a-4167-bed6-c8e709bc05b9.mp3	¡No!
assets/audio/es/si_q.mp3	7a28dc79-e3c9-4bbe-b10b-3dc287517af6	https://d8j0ntlcm91z4.cloudfront.net/user_3DfAawD3Umi5iqU3oLyR59j3JKD/hf_20261009_214509_7a28dc79-e3c9-4bbe-b10b-3dc287517af6.mp3	¿Sí?
assets/audio/es/snd_a.mp3	e879855c-5988-452e-9b6c-e8115060279a	https://d8j0ntlcm91z4.cloudfront.net/user_3DfAawD3Umi5iqU3oLyR59j3JKD/hf_20261009_214509_e879855c-5988-452e-9b6c-e8115060279a.mp3	a
assets/audio/es/snd_o.mp3	05a0af3a-55fd-485a-bb8b-5e095f50396d	https://d8j0ntlcm91z4.cloudfront.net/user_3DfAawD3Umi5iqU3oLyR59j3JKD/hf_20261009_214509_05a0af3a-55fd-485a-bb8b-5e095f50396d.mp3	o
assets/audio/es/mama.mp3	a19a6c1a-a885-4394-a060-61385e566a22	https://d8j0ntlcm91z4.cloudfront.net/user_3DfAawD3Umi5iqU3oLyR59j3JKD/hf_20261009_214509_a19a6c1a-a885-4394-a060-61385e566a22.mp3	mamá
assets/audio/es/dos.mp3	eb7d7259-3200-4094-86e9-65048d9e3b14	https://d8j0ntlcm91z4.cloudfront.net/user_3DfAawD3Umi5iqU3oLyR59j3JKD/hf_20261009_214509_eb7d7259-3200-4094-86e9-65048d9e3b14.mp3	dos
assets/audio/fr/bonjour.mp3	db7481cf-756e-4eea-baa9-f3300a87b963	https://d8j0ntlcm91z4.cloudfront.net/user_3DfAawD3Umi5iqU3oLyR59j3JKD/hf_20261009_214509_db7481cf-756e-4eea-baa9-f3300a87b963.mp3	Bonjour !
assets/audio/fr/aurevoir.mp3	3c72c4e6-152f-409f-a00e-f6d37352eac1	https://d8j0ntlcm91z4.cloudfront.net/user_3DfAawD3Umi5iqU3oLyR59j3JKD/hf_20261009_214534_3c72c4e6-152f-409f-a00e-f6d37352eac1.mp3	Au revoir !
assets/audio/fr/merci.mp3	aee89b5f-042a-489a-a5e0-5beaa61cfadd	https://d8j0ntlcm91z4.cloudfront.net/user_3DfAawD3Umi5iqU3oLyR59j3JKD/hf_20261009_214534_aee89b5f-042a-489a-a5e0-5beaa61cfadd.mp3	Merci !
assets/audio/fr/snd_i.mp3	0dff9100-1144-4eaf-804a-f4b9e7d8d017	https://d8j0ntlcm91z4.cloudfront.net/user_3DfAawD3Umi5iqU3oLyR59j3JKD/hf_20261009_214534_0dff9100-1144-4eaf-804a-f4b9e7d8d017.mp3	i
assets/audio/fr/kiwi.mp3	5eca0013-8c2e-4c0d-b672-b9ece38ba730	https://d8j0ntlcm91z4.cloudfront.net/user_3DfAawD3Umi5iqU3oLyR59j3JKD/hf_20261009_214534_5eca0013-8c2e-4c0d-b672-b9ece38ba730.mp3	kiwi
assets/audio/fr/taxi.mp3	e2da737a-641b-4a5e-b3f4-efbac3a8327a	https://d8j0ntlcm91z4.cloudfront.net/user_3DfAawD3Umi5iqU3oLyR59j3JKD/hf_20261009_214534_e2da737a-641b-4a5e-b3f4-efbac3a8327a.mp3	taxi
assets/audio/fr/madame.mp3	0bfc9d6d-344f-4125-817e-54c8f416f92c	https://d8j0ntlcm91z4.cloudfront.net/user_3DfAawD3Umi5iqU3oLyR59j3JKD/hf_20261009_214534_0bfc9d6d-344f-4125-817e-54c8f416f92c.mp3	Bonjour Madame !
assets/audio/fr/salut.mp3	1567adfc-ae92-433f-8317-3b5682f2a617	https://d8j0ntlcm91z4.cloudfront.net/user_3DfAawD3Umi5iqU3oLyR59j3JKD/hf_20261009_214534_1567adfc-ae92-433f-8317-3b5682f2a617.mp3	Salut !
assets/clips/raw/hello-es.mp4	245ba9a5-e82e-491a-969f-242663bf28e8	https://d8j0ntlcm91z4.cloudfront.net/user_3DfAawD3Umi5iqU3oLyR59j3JKD/hf_20261009_214658_245ba9a5-e82e-491a-969f-242663bf28e8.mp4	Bloop clip: hello, Spanish (seedance_2_0_mini, 6s, 720p)
assets/clips/raw/hello-fr.mp4	80eec251-6468-4e28-acdd-296b28b60c12	https://d8j0ntlcm91z4.cloudfront.net/user_3DfAawD3Umi5iqU3oLyR59j3JKD/hf_20261009_214703_80eec251-6468-4e28-acdd-296b28b60c12.mp4	Bloop clip: hello, French (seedance_2_0_mini, 5s, 720p)
assets/clips/raw/bye-es.mp4	91214c44-5c65-4f4f-96f1-f4c9e9cf6f09	https://d8j0ntlcm91z4.cloudfront.net/user_3DfAawD3Umi5iqU3oLyR59j3JKD/hf_20261009_214707_91214c44-5c65-4f4f-96f1-f4c9e9cf6f09.mp4	Bloop clip: goodbye, Spanish (seedance_2_0_mini, 5s, 720p)
assets/clips/raw/bye-fr.mp4	3dfbf9a9-0428-4362-b687-65eefb8712b7	https://d8j0ntlcm91z4.cloudfront.net/user_3DfAawD3Umi5iqU3oLyR59j3JKD/hf_20261009_214710_3dfbf9a9-0428-4362-b687-65eefb8712b7.mp4	Bloop clip: goodbye, French (seedance_2_0_mini, 5s, 720p)
assets/clips/raw/listening.mp4	25c15ac6-f931-44c8-84c3-e21d2ade8779	https://d8j0ntlcm91z4.cloudfront.net/user_3DfAawD3Umi5iqU3oLyR59j3JKD/hf_20261009_214714_25c15ac6-f931-44c8-84c3-e21d2ade8779.mp4	Bloop clip: Listening, silent (seedance_2_0_mini, 5s, 720p)
assets/clips/raw/celebrate.mp4	9ff79238-e46a-4f21-80b5-f7440697c531	https://d8j0ntlcm91z4.cloudfront.net/user_3DfAawD3Umi5iqU3oLyR59j3JKD/hf_20261009_214718_9ff79238-e46a-4f21-80b5-f7440697c531.mp4	Bloop clip: Celebrate, silent (seedance_2_0_mini, 5s, 720p)
