Priority,School,Trust or LA,Phase (ours),Town,Miles from Star (straight line),Pupils,Named person,Role,Email to use,Which email,Send day,Website,GIAS URN or source,"Status (type SENT, REPLIED, NO, PILOT)",Sent date,Reply notes
98,Chestnut Park Primary,Futura Learning Partnership,primary,Yatton,5.5 EST,197,Emmee Standeven,Headteacher,not opened (open the website for the office email first),A,"After the first 40 secondaries and all Wessex, by distance",chestnutparkschool.org.uk,148637,,,
104,Milton Park Primary School,Extend Learning Academies Network,primary,Weston-Super-Mare,6.4 EST,327,Katharine Jordan,Headteacher,not opened (open the website for the office email first),A,"After the first 40 secondaries and all Wessex, by distance",miltonparkprimary.co.uk,144917,,,
99,Bournville Primary School,Extend Learning Academies Network,primary,Weston-super-Mare,6.8 EST,494,Jo Jaloszynski,Headteacher,not opened (open the website for the office email first),A,"After the first 40 secondaries and all Wessex, by distance",bournvilleprimaryschool.co.uk,144918,,,
106,Ashcombe Primary School,Kaleidoscope Multi Academy Trust,primary,Weston-super-Mare,6.8 EST,627,Chris Penny,Headteacher,not opened (open the website for the office email first),A,"After the first 40 secondaries and all Wessex, by distance",ashcombeprimary.co.uk,144924,,,
118,Worlebury St Pauls Church School,The Bath And Wells Diocesan Academies Trust,primary,Weston-Super-Mare,7.0 EST,175,Michelle Bamford,Headteacher,not opened (open the website for the office email first),A,"After the first 40 secondaries and all Wessex, by distance",worleburyprimary.com,149833,,,
115,West Leigh Infant School,Lighthouse Schools Partnership,primary,Bristol,7.1 EST,135,Nick Webster,Headteacher,not opened (open the website for the office email first),A,"After the first 40 secondaries and all Wessex, by distance",backwellfederation.co.uk,145261,,,
111,Backwell Church of England Junior School,Lighthouse Schools Partnership,primary,Bristol,7.2 EST,230,Nick Webster,Headteacher,not opened (open the website for the office email first),A,"After the first 40 secondaries and all Wessex, by distance",backwellfederation.co.uk,145265,,,
114,Christ Church Church of England Primary School,Kaleidoscope Multi Academy Trust,primary,Weston-super-Mare,7.3 EST,193,Kerry James,Headteacher,not opened (open the website for the office email first),A,"After the first 40 secondaries and all Wessex, by distance",christchurchprimaryschool.org,144920,,,
109,Uphill Village Academy,Cabot Learning Federation,primary,Weston-Super-Mare,7.4 EST,309,Samantha Hodder,Headteacher,not opened (open the website for the office email first),A,"After the first 40 secondaries and all Wessex, by distance",uphillvillageacademy.clf.uk,148160,,,
117,Corpus Christi Catholic Primary School,The Dunstan Catholic Educational Trust,primary,Weston-super-Mare,7.5 EST,194,Jacqi Stephens,Headteacher,not opened (open the website for the office email first),A,"After the first 40 secondaries and all Wessex, by distance",corpuschristiweston.co.uk,148941,,,
121,Walliscote Primary School,Extend Learning Academies Network,primary,Weston-Super-Mare,7.5 EST,275,Shelley Flanagan,Headteacher,not opened (open the website for the office email first),A,"After the first 40 secondaries and all Wessex, by distance",walliscote.n-somerset.sch.uk,144922,,,
125,Grove Junior School,Lighthouse Schools Partnership,primary,Nailsea,7.5 EST,227,Victoria Reyes,Headteacher,not opened (open the website for the office email first),A,"After the first 40 secondaries and all Wessex, by distance",hannahmoreandgrove.co.uk,145260,,,
126,Hannah More Infant School,Lighthouse Schools Partnership,primary,Nailsea,7.5 EST,176,Victoria Reyes,Headteacher,not opened (open the website for the office email first),A,"After the first 40 secondaries and all Wessex, by distance",hannahmoreandgrove.co.uk,145262,,,
100,Winford Church of England Primary School,Lighthouse Schools Partnership,primary,Bristol,7.6 EST,167,Jenny Campbell,Headteacher,not opened (open the website for the office email first),A,"After the first 40 secondaries and all Wessex, by distance",winford.n-somerset.sch.uk,146596,,,
131,St Francis Catholic Primary School,The Cardinal Newman Catholic Educational Trust,primary,Nailsea,7.8 EST,142,Tim Purser,Headteacher,not opened (open the website for the office email first),A,"After the first 40 secondaries and all Wessex, by distance",none in GIAS,148962,,,
141,Yeo Moor Primary School,Futura Learning Partnership,primary,Clevedon,7.9 EST,420,Kirsty Jones,Headteacher,not opened (open the website for the office email first),A,"After the first 40 secondaries and all Wessex, by distance",yeomoorprimaryschool.org.uk,141361,,,
142,St John the Evangelist Church School,The Bath And Wells Diocesan Academies Trust,primary,Clevedon,7.9 EST,259,Lisa Harvey,Headteacher,not opened (open the website for the office email first),A,"After the first 40 secondaries and all Wessex, by distance",stjohnevangelistbwmat.org,143021,,,
143,Mary Elton Primary School,Futura Learning Partnership,primary,North Somerset,7.9 EST,347,Thomas Newell,Headteacher,not opened (open the website for the office email first),A,"After the first 40 secondaries and all Wessex, by distance",maryeltonschool.org.uk,143991,,,
137,Golden Valley Primary School,Lighthouse Schools Partnership,primary,Bristol,8.2 EST,401,Richard Riordan,Headteacher,not opened (open the website for the office email first),A,"After the first 40 secondaries and all Wessex, by distance",goldenvalleyschool.co.uk,149548,,,
147,Kingshill Church School,The Bath And Wells Diocesan Academies Trust,primary,Nailsea,8.3 EST,104,Lisa Harvey,Headteacher,not opened (open the website for the office email first),A,"After the first 40 secondaries and all Wessex, by distance",kingshillbwmat.org,139205,,,
129,Flax Bourton Church of England Primary School,Lighthouse Schools Partnership,primary,Bristol,8.4 EST,193,Steve Lung,Headteacher,not opened (open the website for the office email first),A,"After the first 40 secondaries and all Wessex, by distance",flaxbourton.n-somerset.sch.uk,145445,,,
156,St Nicholas Chantry Church of England Primary School,Futura Learning Partnership,primary,Clevedon,8.4 EST,325,Ro O'Reilly,Headteacher,not opened (open the website for the office email first),A,"After the first 40 secondaries and all Wessex, by distance",stnicholaschantryschool.org.uk,145443,,,
158,All Saints Church of England Primary School,Futura Learning Partnership,primary,Clevedon,8.5 EST,130,Stephen Webber,Headteacher,not opened (open the website for the office email first),A,"After the first 40 secondaries and all Wessex, by distance",allsaintsprimaryschool.org.uk,146912,,,
151,Tickenham Church of England Primary School,Futura Learning Partnership,primary,Clevedon,8.6 EST,93,Elizabeth Lester,Headteacher,not opened (open the website for the office email first),A,"After the first 40 secondaries and all Wessex, by distance",tickenhamprimaryschool.org.uk,141362,,,
128,Dundry Church of England Primary School,Midsomer Norton Schools Partnership,primary,Bristol,9.2 EST,82,Anne-Marie Maggs,Headteacher,not opened (open the website for the office email first),A,"After the first 40 secondaries and all Wessex, by distance",dundryprimary.co.uk,145021,,,
116,Chew Magna Primary School,The Partnership Trust,primary,Bristol,9.3 EST,100,Annie Spencer,Headteacher,not opened (open the website for the office email first),A,"After the first 40 secondaries and all Wessex, by distance",chewmagna.bathnes.sch.uk,146979,,,
119,Berrow Church Primary School,Pathway Trust,primary,Burnham-on-Sea,9.3 EST,173,Charlotte Bradley,Headteacher,not opened (open the website for the office email first),A,"After the first 40 secondaries and all Wessex, by distance",berrowprimaryschool.co.uk,149851,,,
107,Burnham-On-Sea Infant School,Pathway Trust,primary,Burnham-on-Sea,9.4 EST,154,Carly Hatch,Headteacher,not opened (open the website for the office email first),A,"After the first 40 secondaries and all Wessex, by distance",burnhaminfants.com,150952,,,
154,Birdwell Primary School,Birdwell School,primary,Bristol,9.7 EST,427,Paul Sainsbury,Headteacher,not opened (open the website for the office email first),A,"After the first 40 secondaries and all Wessex, by distance",birdwellschool.co.uk,139471,,,
103,Churchfield Church School,The Bath And Wells Diocesan Academies Trust,primary,Highbridge,9.8 EST,411,Joanne Thorn,Headteacher,not opened (open the website for the office email first),A,"After the first 40 secondaries and all Wessex, by distance",churchfieldchurchschool.co.uk,139278,,,
113,St Andrew's Church Junior School,Pathway Trust,primary,Burnham-on-Sea,9.8 EST,290,Carly Hatch,Headteacher,not opened (open the website for the office email first),A,"After the first 40 secondaries and all Wessex, by distance",standrewsjuniors.co.uk,150953,,,
112,St Joseph's Catholic Primary and Nursery School,The Dunstan Catholic Educational Trust,primary,Burnham-on-Sea,9.9 EST,265,Rebecca Suik,Headteacher,not opened (open the website for the office email first),A,"After the first 40 secondaries and all Wessex, by distance",st-josephs-burnham.co.uk,148951,,,
148,Four Acres Academy,Futura Learning Partnership,primary,Bristol,9.9 EST,423,Matthew Cave,Headteacher,not opened (open the website for the office email first),A,"After the first 40 secondaries and all Wessex, by distance",fouracresacademy.org.uk,141706,,,
163,Northleaze Church of England Primary School,Lighthouse Schools Partnership,primary,Bristol,10.3 EST,187,Corinne Clarke,Headteacher,not opened (open the website for the office email first),A,"After the first 40 secondaries and all Wessex, by distance",northleaze.n-somerset.sch.uk,145264,,,
130,Stanton Drew Primary School,Lighthouse Schools Partnership,primary,Bristol,10.5 EST,47,Tim Eustace,Headteacher,not opened (open the website for the office email first),A,"After the first 40 secondaries and all Wessex, by distance",bishopsuttonstantondrew.co.uk,146707,,,
152,Fair Furlong Primary School,"LA: Bristol, City of",primary,Bristol,10.5 EST,454,Sarah Andrews,Headteacher,not opened (open the website for the office email first),A,"After the first 40 secondaries and all Wessex, by distance",fairfurlong.bristol.sch.uk,109130,,,
160,St Peter's Church of England Primary School (VC),"LA: Bristol, City of",primary,Bristol,10.5 EST,460,Matthew Stannard,Headteacher,not opened (open the website for the office email first),A,"After the first 40 secondaries and all Wessex, by distance",stpeterscofeprimary.co.uk,135872,,,
123,West Huntspill Primary School,Pathway Trust,primary,Highbridge,10.7 EST,123,Emma Barker,Headteacher,not opened (open the website for the office email first),A,"After the first 40 secondaries and all Wessex, by distance",westhuntspillprimary.org.uk,148531,,,
157,E-ACT Hareclive Academy,E-Act,primary,Bristol,10.7 EST,305,Dennis Atkins,Headteacher,not opened (open the website for the office email first),A,"After the first 40 secondaries and all Wessex, by distance",harecliveacademy.e-act.org.uk,143403,,,
168,Headley Park Primary School,Amplify Education,primary,Bristol,10.9 EST,411,Jessica Swain,Headteacher,not opened (open the website for the office email first),A,"After the first 40 secondaries and all Wessex, by distance",headleypark.bristol.sch.uk,144864,,,
170,Cheddar Grove Primary School,Futura Learning Partnership,primary,Bristol,11.0 EST,437,Helen Bailey,Headteacher,not opened (open the website for the office email first),A,"After the first 40 secondaries and all Wessex, by distance",cheddargroveschool.org.uk,146687,,,
213,St Joseph's Catholic Primary School,The Cardinal Newman Catholic Educational Trust,primary,Portishead,11.0 EST,213,Jonathan Deeney,Headteacher,not opened (open the website for the office email first),A,"After the first 40 secondaries and all Wessex, by distance",st-josephs.org.uk,151173,,,
180,Ashton Vale Primary School,Excalibur Academies Trust,primary,Bristol,11.1 EST,147,Bradley Arthur,Headteacher,not opened (open the website for the office email first),A,"After the first 40 secondaries and all Wessex, by distance",ashtonvale.bristol.sch.uk,145321,,,
220,High Down Infant School,Lighthouse Schools Partnership,primary,Portishead,11.1 EST,198,Abi Oldfield,Headteacher,not opened (open the website for the office email first),A,"After the first 40 secondaries and all Wessex, by distance",highdownschools.co.uk,143284,,,
221,High Down Junior School,Lighthouse Schools Partnership,primary,Bristol,11.1 EST,328,Abi Oldfield,Headteacher,not opened (open the website for the office email first),A,"After the first 40 secondaries and all Wessex, by distance",highdownschools.co.uk,143286,,,
225,St Peter's Church of England Primary School,Lighthouse Schools Partnership,primary,Portishead,11.3 EST,601,Catrin Battista,Headteacher,not opened (open the website for the office email first),A,"After the first 40 secondaries and all Wessex, by distance",st-peters.n-somerset.sch.uk,143285,,,
173,Wansdyke Primary School,Futura Learning Partnership,primary,Bristol,11.5 EST,204,Rosanna O'Reilly,Headteacher,not opened (open the website for the office email first),A,"After the first 40 secondaries and all Wessex, by distance",wansdykeschool.org.uk,146572,,,
177,E-ACT Greenfield Primary Academy,E-Act,primary,Bristol,11.5 EST,332,Jillian Gorra,Headteacher,not opened (open the website for the office email first),A,"After the first 40 secondaries and all Wessex, by distance",greenfieldacademy.e-act.org.uk,138709,,,
217,"St Mary's Church of England Primary School, Portbury",Lighthouse Schools Partnership,primary,Bristol,11.5 EST,83,Catrin Battista,Headteacher,not opened (open the website for the office email first),A,"After the first 40 secondaries and all Wessex, by distance",stmarysprimaryportbury.co.uk,143283,,,
132,Cameley CEVC Primary School,The Partnership Trust,primary,Bristol,11.6 EST,170,Hannah Maggs,Headteacher,not opened (open the website for the office email first),A,"After the first 40 secondaries and all Wessex, by distance",cameleyprimary.org.uk,146976,,,
135,Clutton Primary School,Midsomer Norton Schools Partnership,primary,Bristol,11.6 EST,130,Lucy Cowgill,Headteacher,not opened (open the website for the office email first),A,"After the first 40 secondaries and all Wessex, by distance",cluttonschool.com,141767,,,
232,Trinity Anglican-Methodist Primary School,The Bath And Wells Diocesan Academies Trust,primary,Bristol,11.6 EST,413,Emma Howe,Headteacher,not opened (open the website for the office email first),A,"After the first 40 secondaries and all Wessex, by distance",trinityprimaryschool.co.uk,142563,,,
244,Portishead Primary School,Lighthouse Schools Partnership,primary,Portishead,11.7 EST,370,Lucy Sargent,Headteacher,not opened (open the website for the office email first),A,"After the first 40 secondaries and all Wessex, by distance",portisheadprimary.co.uk,143282,,,
122,Woolavington Village Primary School,Futura Learning Partnership,primary,Bridgwater,11.8 EST,175,Georgina Maclennan,Headteacher,not opened (open the website for the office email first),A,"After the first 40 secondaries and all Wessex, by distance",woolavingtonvillageprimaryschool.co.uk,140408,,,
162,Pensford Primary School,The Partnership Trust,primary,Bristol,11.8 EST,100,Damian Knollys,Headteacher,not opened (open the website for the office email first),A,"After the first 40 secondaries and all Wessex, by distance",pensfordschool.org,146978,,,
186,Parson Street Primary School,Amplify Education,primary,Bristol,11.8 EST,232,Gemma James,Headteacher,not opened (open the website for the office email first),A,"After the first 40 secondaries and all Wessex, by distance",parsonstreet.com,138904,,,
193,Luckwell Primary School,Excalibur Academies Trust,primary,Bristol,11.8 EST,86,Lilly Byers,Headteacher,not opened (open the website for the office email first),A,"After the first 40 secondaries and all Wessex, by distance",luckwell.bristol.sch.uk,145399,,,
178,Bridge Farm Primary School,Futura Learning Partnership,primary,Bristol,11.9 EST,606,Duncan Cook,Headteacher,not opened (open the website for the office email first),A,"After the first 40 secondaries and all Wessex, by distance",bridgefarmschool.org.uk,149296,,,
108,Catcott Primary School,LA: Somerset,primary,Bridgwater,12.0 EST,127,Hannah Lintern,Headteacher,not opened (open the website for the office email first),A,"After the first 40 secondaries and all Wessex, by distance",catcottprimary.co.uk,123683,,,
185,School of Christ The King Catholic Primary,"LA: Bristol, City of",primary,Bristol,12.0 EST,227,Matthew Condon,Headteacher,not opened (open the website for the office email first),A,"After the first 40 secondaries and all Wessex, by distance",ctk.education,109243,,,
200,Compass Point Primary School,Excalibur Academies Trust,primary,Bristol,12.0 EST,194,Matthew Newman,Headteacher,not opened (open the website for the office email first),A,"After the first 40 secondaries and all Wessex, by distance",compasspoint.bristol.sch.uk,145320,,,
204,Ashton Gate Primary School,Amplify Education,primary,Bristol,12.0 EST,749,Gareth Jones,Headteacher,not opened (open the website for the office email first),A,"After the first 40 secondaries and all Wessex, by distance",ashtongate.amplifyeducation.co.uk,150919,,,
233,Crockerne Church of England Primary School,Kaleidoscope Multi Academy Trust,primary,Bristol,12.0 EST,299,Lucy Rees,Headteacher,not opened (open the website for the office email first),A,"After the first 40 secondaries and all Wessex, by distance",crockerne.co.uk,143464,,,
136,Farrington Gurney Church of England Primary School,Midsomer Norton Schools Partnership,primary,Bristol,12.1 EST,84,John Snell,Headteacher,not opened (open the website for the office email first),A,"After the first 40 secondaries and all Wessex, by distance",farringtongurneyschool.co.uk,144281,,,
192,Oasis Academy Connaught,Oasis Community Learning,primary,Bristol,12.1 EST,310,George Fraser,Headteacher,not opened (open the website for the office email first),A,"After the first 40 secondaries and all Wessex, by distance",oasisacademyconnaught.org,138278,,,
188,E-ACT Perry Court Academy,E-Act,primary,Hengrove,12.2 EST,474,Kate Marsh,Headteacher,not opened (open the website for the office email first),A,"After the first 40 secondaries and all Wessex, by distance",perrycourtacademy.e-act.org.uk,144880,,,
211,Hotwells Primary School,Amplify Education,primary,Bristol,12.2 EST,114,Matt Edwards,Headteacher,not opened (open the website for the office email first),A,"After the first 40 secondaries and all Wessex, by distance",hotwellsprimaryschool.org,140728,,,
203,Oasis Academy Marksbury Road,Oasis Community Learning,primary,Bedminster,12.3 EST,355,Alex Dart,Headteacher,not opened (open the website for the office email first),A,"After the first 40 secondaries and all Wessex, by distance",oasisacademymarksburyroad.org,140268,,,
208,Southville Primary School,"LA: Bristol, City of",primary,Bristol,12.3 EST,632,Andy Bowman,Headteacher,not opened (open the website for the office email first),A,"After the first 40 secondaries and all Wessex, by distance",southville.bristol.sch.uk,108964,,,
190,Whitchurch Primary School,Lighthouse Schools Partnership,primary,Bristol,12.4 EST,231,Holly Cefai,Headteacher,not opened (open the website for the office email first),A,"After the first 40 secondaries and all Wessex, by distance",whitchurchprimary.co.uk,147800,,,
214,Holy Cross RC Primary School,"LA: Bristol, City of",primary,Bristol,12.4 EST,170,Jo Kingston,Headteacher,not opened (open the website for the office email first),A,"After the first 40 secondaries and all Wessex, by distance",holycross.bristol.sch.uk,109244,,,
101,St John's Church of England Voluntary Controlled Infants School,LA: Somerset,primary,Glastonbury,12.5 EST,184,Kerry Devane,Headteacher,not opened (open the website for the office email first),A,"After the first 40 secondaries and all Wessex, by distance",stjohnsinfantsglastonbury.co.uk,123759,,,
196,St Bernadette Catholic Voluntary Aided Primary School,"LA: Bristol, City of",primary,Bristol,12.5 EST,268,Barbara Lee,Headteacher,not opened (open the website for the office email first),A,"After the first 40 secondaries and all Wessex, by distance",st-bernadette-pri.bristol.sch.uk,109254,,,
198,Oasis Academy New Oak,Oasis Community Learning,primary,Bristol,12.5 EST,210,Philip Allan,Headteacher,not opened (open the website for the office email first),A,"After the first 40 secondaries and all Wessex, by distance",oasisacademynewoak.org,138710,,,
202,E-ACT Ilminster Avenue Academy,E-Act,primary,Bristol,12.5 EST,229,Matthew Poulson,Headteacher,not opened (open the website for the office email first),A,"After the first 40 secondaries and all Wessex, by distance",ilminsteravenueacademy.e-act.org.uk,137700,,,
212,Victoria Park Primary School,Amplify Education,primary,Bristol,12.5 EST,410,Edward Gunner,Headteacher,not opened (open the website for the office email first),A,"After the first 40 secondaries and all Wessex, by distance",victoriaparkprimary.co.uk,144863,,,
102,St Benedict's Church of England Voluntary Aided Junior School,LA: Somerset,primary,Glastonbury,12.6 EST,236,Piers Ranger,Headteacher,not opened (open the website for the office email first),A,"After the first 40 secondaries and all Wessex, by distance",stbenedictscofevajuniorschoolglastonbury.co.uk,123833,,,
144,Puriton Primary School,Futura Learning Partnership,primary,Bridgwater,12.6 EST,200,Katie Williams,Headteacher,not opened (open the website for the office email first),A,"After the first 40 secondaries and all Wessex, by distance",puritonprimaryschool.org.uk,144436,,,
230,Christ Church Church of England Primary School,Christ Church C Of E Primary School,primary,Bristol,12.6 EST,333,Mark Oldfield,Headteacher,not opened (open the website for the office email first),A,"After the first 40 secondaries and all Wessex, by distance",christchurch.bristol.sch.uk,138317,,,
215,Knowle Park Primary School,"LA: Bristol, City of",primary,Bristol,12.7 EST,611,Donna Cullen,Headteacher,not opened (open the website for the office email first),A,"After the first 40 secondaries and all Wessex, by distance",knowlepark-pri.bristol.sch.uk,135203,,,
222,St Mary Redcliffe Church of England Primary School,Lighthouse Schools Partnership,primary,Bristol,12.7 EST,372,Abigail Murray,Headteacher,not opened (open the website for the office email first),A,"After the first 40 secondaries and all Wessex, by distance",smrp.org.uk,144724,,,
206,Woodlands Academy,Cabot Learning Federation,primary,Bristol,12.8 EST,133,Vicky Counsell,Headteacher,not opened (open the website for the office email first),A,"After the first 40 secondaries and all Wessex, by distance",woodlandsacademy.clf.uk,142032,,,
231,Cathedral Primary School,Amplify Education,primary,Bristol,12.8 EST,422,Sara Yarnold,Headteacher,not opened (open the website for the office email first),A,"After the first 40 secondaries and all Wessex, by distance",cathedralprimaryschool.org,139828,,,
159,Pawlett Primary School,Pathway Trust,primary,Bridgwater,12.9 EST,66,Emma Barker,Headteacher,not opened (open the website for the office email first),A,"After the first 40 secondaries and all Wessex, by distance",pawlettprimary.org.uk,147015,,,
161,High Littleton CofE VC Primary School,Midsomer Norton Schools Partnership,primary,Bristol,12.9 EST,184,Gareth Griffith,Headteacher,not opened (open the website for the office email first),A,"After the first 40 secondaries and all Wessex, by distance",highlittletonschool.com,141149,,,
260,Shirehampton Primary School,"LA: Bristol, City of",primary,Bristol,12.9 EST,460,Laurie Munro,Headteacher,not opened (open the website for the office email first),A,"After the first 40 secondaries and all Wessex, by distance",shirehamptonprimaryschool.org,132196,,,
263,St Bernard's Catholic Primary School,The Cardinal Newman Catholic Educational Trust,primary,BRISTOL,12.9 EST,201,Richard Jordan,Headteacher,not opened (open the website for the office email first),A,"After the first 40 secondaries and all Wessex, by distance",stbernardsprimary.co.uk,148942,,,
120,Ashcott Primary School,LA: Somerset,primary,Bridgwater,13.0 EST,117,Richard Briar,Headteacher,not opened (open the website for the office email first),A,"After the first 40 secondaries and all Wessex, by distance",ashcott.somerset.sch.uk,123678,,,
140,Kingsmoor Primary School,LA: Somerset,primary,Bridgwater,13.0 EST,178,Joanne Warren,Headteacher,not opened (open the website for the office email first),A,"After the first 40 secondaries and all Wessex, by distance",kingsmoorprimaryschool.co.uk,123738,,,
210,Waycroft Academy,Cabot Learning Federation,primary,Bristol,13.1 EST,461,Adam Smith,Headteacher,not opened (open the website for the office email first),A,"After the first 40 secondaries and all Wessex, by distance",waycroftacademy.clf.uk,137212,,,
245,Willow Park CofE Primary School,The Leaf Trust,primary,Bristol,13.1 EST,n/a,Ruth Laing,Headteacher,not opened (open the website for the office email first),A,"After the first 40 secondaries and all Wessex, by distance",willowpark.org.uk,152046,,,
224,West Town Lane Academy,West Town Lane Academy,primary,Bristol,13.2 EST,634,Adrian Robbins,Headteacher,not opened (open the website for the office email first),A,"After the first 40 secondaries and all Wessex, by distance",wtl.academy,137762,,,
236,Hillcrest Primary School,"LA: Bristol, City of",primary,Bristol,13.2 EST,410,Bridget Norman,Headteacher,not opened (open the website for the office email first),A,"After the first 40 secondaries and all Wessex, by distance",hillcrest.bristol.sch.uk,131522,,,
165,Paulton Junior School,LA: Bath and North East Somerset,primary,Paulton,13.3 EST,238,Sally Rawlings,Headteacher,not opened (open the website for the office email first),A,"After the first 40 secondaries and all Wessex, by distance",paultonjuniorschool.co.uk,109089,,,
166,Paulton Infant School,The Partnership Trust,primary,Bristol,13.3 EST,148,Emily Omell,Headteacher,not opened (open the website for the office email first),A,"After the first 40 secondaries and all Wessex, by distance",paultoninfantschool.co.uk,147992,,,
252,Ss Peter and Paul RC Primary School,"LA: Bristol, City of",primary,Bristol,13.3 EST,147,Carol Burns,Headteacher,not opened (open the website for the office email first),A,"After the first 40 secondaries and all Wessex, by distance",sspeterandpaulprimary.co.uk,109245,,,
256,"St Johns Church of England Primary School, Clifton","LA: Bristol, City of",primary,Bristol,13.3 EST,481,Justin Hoye,Headteacher,not opened (open the website for the office email first),A,"After the first 40 secondaries and all Wessex, by distance",stjohnsprimary.org.uk,109146,,,
124,Walton Church of England Voluntary Controlled Primary School,LA: Somerset,primary,Street,13.6 EST,129,Lucas Upham,Headteacher,not opened (open the website for the office email first),A,"After the first 40 secondaries and all Wessex, by distance",waltonprimary.co.uk,123776,,,
251,Hannah More Primary School,"LA: Bristol, City of",primary,Bristol,13.6 EST,206,Kevin Hawkins,Headteacher,not opened (open the website for the office email first),A,"After the first 40 secondaries and all Wessex, by distance",hannahmore.org.uk,109110,,,
261,Cotham Gardens Primary School,Cotham Gardens Primary School Ltd,primary,Bristol,13.6 EST,365,Emmeline Smith,Headteacher,not opened (open the website for the office email first),A,"After the first 40 secondaries and all Wessex, by distance",cothamgardens.co.uk,138708,,,
189,Farmborough Church Primary School,The Partnership Trust,primary,Bath,13.7 EST,153,Darren Roberts,Headteacher,not opened (open the website for the office email first),A,"After the first 40 secondaries and all Wessex, by distance",farmboroughchurchprimary.org.uk,145070,,,
169,Longvernal Primary School,Midsomer Norton Schools Partnership,primary,Radstock,13.8 EST,203,Chrissie Brain,Headteacher,not opened (open the website for the office email first),A,"After the first 40 secondaries and all Wessex, by distance",longvernal.com,142942,,,
249,Holymead Primary School,"LA: Bristol, City of",primary,Bristol,13.8 EST,583,Andrew Jones,Headteacher,not opened (open the website for the office email first),A,"After the first 40 secondaries and all Wessex, by distance",holymeadp.bristol.sch.uk,108975,,,
127,Hindhayes Infant School,LA: Somerset,primary,Street,13.9 EST,165,Lucy Shakesby - Acting Headteacher,Headteacher,not opened (open the website for the office email first),A,"After the first 40 secondaries and all Wessex, by distance",hindhayes.co.uk,123664,,,
139,Bowlish Infant School,LA: Somerset,primary,Shepton Mallet,13.9 EST,114,Rebecca Eldred,Headteacher,not opened (open the website for the office email first),A,"After the first 40 secondaries and all Wessex, by distance",bowlishinfantschool.org.uk,123672,,,
164,St Vigor & St John Church School,The Bath And Wells Diocesan Academies Trust,primary,Radstock,13.9 EST,211,Chris Chorley,Headteacher,not opened (open the website for the office email first),A,"After the first 40 secondaries and all Wessex, by distance",stvigorandstjohnschool.co.uk,145676,,,
155,Oakhill Church School,The Bath And Wells Diocesan Academies Trust,primary,Radstock,14.0 EST,109,Stephanie Dowley,Headteacher,not opened (open the website for the office email first),A,"After the first 40 secondaries and all Wessex, by distance",oakhillchurchschool.co.uk,141800,,,
266,E-Act Barton Hill Academy,E-Act,primary,Bristol,14.0 EST,275,Matthew Poulson,Headteacher,not opened (open the website for the office email first),A,"After the first 40 secondaries and all Wessex, by distance",bartonhillbristol.org,151299,,,
174,St John's CofE Primary School,Midsomer Norton Schools Partnership,primary,Radstock,14.1 EST,382,Danielle West-Gaul,Headteacher,not opened (open the website for the office email first),A,"After the first 40 secondaries and all Wessex, by distance",stjohnsmsn.co.uk,140452,,,
172,Willowdown Primary School,Futura Learning Partnership,primary,Bridgwater,14.2 EST,361,Katie Sharp,Headteacher,not opened (open the website for the office email first),A,"After the first 40 secondaries and all Wessex, by distance",willowdownprimaryschool.org.uk,140220,,,
265,Wicklea Academy,Cabot Learning Federation,primary,Bristol,14.2 EST,213,Heather Morris,Headteacher,not opened (open the website for the office email first),A,"After the first 40 secondaries and all Wessex, by distance",wickleaacademy.eschools.co.uk/web,150718,,,
133,West Pennard Church of England Primary School,LA: Somerset,primary,Glastonbury,14.3 EST,219,Anthony Wheat,Headteacher,not opened (open the website for the office email first),A,"After the first 40 secondaries and all Wessex, by distance",westpennardschool.co.uk,123780,,,
134,Brookside Community Primary School,Bridgwater & Taunton College Trust,primary,Street,14.3 EST,544,Brian Walton,Headteacher,not opened (open the website for the office email first),A,"After the first 40 secondaries and all Wessex, by distance",brooksideacademy.co.uk,136848,,,
248,Castle Primary School,The Partnership Trust,primary,Bristol,14.3 EST,374,Kelly Sessions,Headteacher,not opened (open the website for the office email first),A,"After the first 40 secondaries and all Wessex, by distance",castle.bathnes.sch.uk,146952,,,
259,Broomhill Junior School,"LA: Bristol, City of",primary,Bristol,14.3 EST,180,Melina Smith,Headteacher,not opened (open the website for the office email first),A,"After the first 40 secondaries and all Wessex, by distance",broomhill-jun.bristol.sch.uk,108919,,,
264,Broomhill Infant & Nursery School,South East Bristol Educational Trust,primary,Bristol,14.3 EST,202,Hayley Farthing,Headteacher,not opened (open the website for the office email first),A,"After the first 40 secondaries and all Wessex, by distance",broomhill-inf.bristol.sch.uk,108983,,,
150,Shepton Mallet Community Infants' School & Nursery,LA: Somerset,primary,Shepton Mallet,14.4 EST,186,Honoria Thompson,Headteacher,not opened (open the website for the office email first),A,"After the first 40 secondaries and all Wessex, by distance",sheptonmalletinfants.co.uk,123660,,,
175,Norton Hill Primary School,Midsomer Norton Schools Partnership,primary,Midsomer Norton,14.4 EST,337,Siobhan Waterhouse,Headteacher,not opened (open the website for the office email first),A,"After the first 40 secondaries and all Wessex, by distance",nortonhillprimary.com,143915,,,
179,Midsomer Norton Primary School,Midsomer Norton Schools Partnership,primary,Radstock,14.4 EST,256,Alun Randell,Headteacher,not opened (open the website for the office email first),A,"After the first 40 secondaries and all Wessex, by distance",midsomernortonprimary.co.uk,144830,,,
254,St Keyna Primary School,LA: Bath and North East Somerset,primary,Bristol,14.4 EST,262,Steve Gumm,Headteacher,not opened (open the website for the office email first),A,"After the first 40 secondaries and all Wessex, by distance",stkeynaprimary.co.uk,134917,,,
153,St Paul's Church of England VC Junior School,LA: Somerset,primary,Shepton Mallet,14.5 EST,324,Caroline Owen,Headteacher,not opened (open the website for the office email first),A,"After the first 40 secondaries and all Wessex, by distance",stpaulsjuniorsomerset.org.uk,123783,,,
226,Marksbury CofE Primary School,The Partnership Trust,primary,Bath,14.5 EST,85,Amanda Trim,Headteacher,not opened (open the website for the office email first),A,"After the first 40 secondaries and all Wessex, by distance",marksburyschool.org.uk,144282,,,
187,Welton Primary School,Midsomer Norton Schools Partnership,primary,Radstock,14.6 EST,160,Phil Lyle,Headteacher,not opened (open the website for the office email first),A,"After the first 40 secondaries and all Wessex, by distance",weltonprimaryschool.co.uk,142941,,,
207,St Mary's CofE Primary School,Midsomer Norton Schools Partnership,primary,Bath,14.6 EST,182,Michelle Parsons,Headteacher,not opened (open the website for the office email first),A,"After the first 40 secondaries and all Wessex, by distance",stmarystimsbury.co.uk,147890,,,
257,St John's Church of England Primary School,Futura Learning Partnership,primary,Bristol,14.6 EST,195,Julia Bamfield,Headteacher,not opened (open the website for the office email first),A,"After the first 40 secondaries and all Wessex, by distance",stjohnsprimaryschool.org.uk,142227,,,
194,Westfield Primary School,Midsomer Norton Schools Partnership,primary,Radstock,14.8 EST,358,S Mills,Headteacher,not opened (open the website for the office email first),A,"After the first 40 secondaries and all Wessex, by distance",westfieldprimary.com,146409,,,
218,Otterhampton Primary School,Bridgwater & Taunton College Trust,primary,Bridgwater,14.8 EST,60,Claire Luce,Headteacher,not opened (open the website for the office email first),A,"After the first 40 secondaries and all Wessex, by distance",otterhamptonprisch.co.uk,146243,,,
191,St Benedict's Catholic Primary School,The Dunstan Catholic Educational Trust,primary,Radstock,14.9 EST,120,Ellen Croker,Headteacher,not opened (open the website for the office email first),A,"After the first 40 secondaries and all Wessex, by distance",stbenedicts.info/somerset/primary/st-benedicts,151805,,,
181,Westonzoyland Community Primary School,LA: Somerset,primary,Bridgwater,15.3 EST,169,Andrew Clark,Headteacher,not opened (open the website for the office email first),A,"After the first 40 secondaries and all Wessex, by distance",westonzoylandprimary.co.uk,123697,,,
197,Eastover Primary School,LA: Somerset,primary,Bridgwater,15.3 EST,403,Beverley Alcock,Headteacher,not opened (open the website for the office email first),A,"After the first 40 secondaries and all Wessex, by distance",eastoverschool.co.uk,123679,,,
195,St John and St Francis Church School,The Bath And Wells Diocesan Academies Trust,primary,Bridgwater,15.4 EST,421,James Webb,Headteacher,not opened (open the website for the office email first),A,"After the first 40 secondaries and all Wessex, by distance",stjohnstfrancisbwmat.org,139338,,,
216,Northgate Primary School,Futura Learning Partnership,primary,Bridgwater,15.6 EST,258,Katie Penny,Headteacher,not opened (open the website for the office email first),A,"After the first 40 secondaries and all Wessex, by distance",northgateprimaryschool.org.uk,144757,,,
171,Baltonsborough Church of England VC Primary School,The Academies For Character And Excellence,primary,Glastonbury,15.8 EST,70,Catherine Greenwell,Headteacher,not opened (open the website for the office email first),A,"After the first 40 secondaries and all Wessex, by distance",baltonsboroughprimary.org.uk,151282,,,
235,St Nicholas Church School,The Bath And Wells Diocesan Academies Trust,primary,Radstock,15.8 EST,173,Joe Beament,Headteacher,not opened (open the website for the office email first),A,"After the first 40 secondaries and all Wessex, by distance",stnicholasprimaryradstock.co.uk,148516,,,
240,Trinity Church School,Midsomer Norton Schools Partnership,primary,Bath,15.9 EST,185,Michelle Parsons,Headteacher,not opened (open the website for the office email first),A,"After the first 40 secondaries and all Wessex, by distance",trinitychurchschool.com,136804,,,
176,Butleigh Church of England Primary School,Ppat Education,primary,Glastonbury,16.0 EST,98,Kristin Moth,Headteacher,not opened (open the website for the office email first),A,"After the first 40 secondaries and all Wessex, by distance",butleighprimary.co.uk,152148,,,
183,St Aldhelms Church School,The Bath And Wells Diocesan Academies Trust,primary,Shepton Mallet,16.0 EST,176,Chris Chorley,Headteacher,not opened (open the website for the office email first),A,"After the first 40 secondaries and all Wessex, by distance",staldhelms.co.uk,150030,,,
227,Westover Green Community School and Autism Centre,Futura Learning Partnership,primary,Bridgwater,16.0 EST,382,Jo Hale,Headteacher,not opened (open the website for the office email first),A,"After the first 40 secondaries and all Wessex, by distance",westovergreenschool.org.uk,144437,,,
234,Wembdon St George's Church School,The Bath And Wells Diocesan Academies Trust,primary,Bridgwater,16.0 EST,294,Clare Wallace,Headteacher,not opened (open the website for the office email first),A,"After the first 40 secondaries and all Wessex, by distance",wembdonstgeorges.co.uk,144984,,,
247,Cannington Church of England Primary School,LA: Somerset,primary,Bridgwater,16.0 EST,171,Marie Marchant,Headteacher,not opened (open the website for the office email first),A,"After the first 40 secondaries and all Wessex, by distance",cannington.somerset.sch.uk,123786,,,
199,Middlezoy Primary School,Ppat Education,primary,Bridgwater,16.1 EST,5,Lindsay Hayward,Headteacher,not opened (open the website for the office email first),A,"After the first 40 secondaries and all Wessex, by distance",middlezoyandotheryschools.co.uk,141795,,,
219,Bishop Henderson Church of England Primary School,LA: Somerset,primary,Radstock,16.1 EST,133,Chris Lane,Headteacher,not opened (open the website for the office email first),A,"After the first 40 secondaries and all Wessex, by distance",bishophenderson.co.uk,123747,,,
238,"St Joseph's Catholic Primary School, Bridgwater",The Dunstan Catholic Educational Trust,primary,Bridgwater,16.2 EST,199,Alison Frost,Headteacher,not opened (open the website for the office email first),A,"After the first 40 secondaries and all Wessex, by distance",st-josephs-bridgwater.co.uk,148950,,,
242,Kilmersdon Church School,The Bath And Wells Diocesan Academies Trust,primary,Radstock,16.2 EST,109,Stephanie Dowley,Headteacher,not opened (open the website for the office email first),A,"After the first 40 secondaries and all Wessex, by distance",kilmersdoncevaprisch.co.uk,151285,,,
229,Hamp Nursery and Infants' School,LA: Somerset,primary,Bridgwater,16.3 EST,234,Mary Weatherburn,Headteacher,not opened (open the website for the office email first),A,"After the first 40 secondaries and all Wessex, by distance",hampnurseryandinfantschool.co.uk,123681,,,
237,Hamp Academy,Bridgwater & Taunton College Trust,primary,Bridgwater,16.3 EST,307,Sarah Hitchings,Headteacher,not opened (open the website for the office email first),A,"After the first 40 secondaries and all Wessex, by distance",hampacademy.co.uk,139717,,,
262,Peasedown St John Primary School,Midsomer Norton Schools Partnership,primary,Bath,16.4 EST,403,Ruth Noall,Headteacher,not opened (open the website for the office email first),A,"After the first 40 secondaries and all Wessex, by distance",psjprimary.co.uk,147173,,,
246,St Mary's Voluntary Controlled Church of England Primary School,LA: Somerset,primary,Bridgwater,16.5 EST,490,Morwenna Dunstan,Headteacher,not opened (open the website for the office email first),A,"After the first 40 secondaries and all Wessex, by distance",stmarysbridgwater.co.uk,123784,,,
239,Somerset Bridge Primary School,LA: Somerset,primary,Bridgwater,16.6 EST,407,Mark Braund,Headteacher,not opened (open the website for the office email first),A,"After the first 40 secondaries and all Wessex, by distance",somersetbridge.co.uk,123695,,,
258,St Mary's Church of England Primary School,The Partnership Trust,primary,Radstock,16.6 EST,165,Cathie Lampert,Headteacher,not opened (open the website for the office email first),A,"After the first 40 secondaries and all Wessex, by distance",stmaryswrithlington.co.uk,147993,,,
209,High Ham Church of England Primary School,LA: Somerset,primary,Langport,16.9 EST,173,Ann Edwards,Headteacher,not opened (open the website for the office email first),A,"After the first 40 secondaries and all Wessex, by distance",highhamprimary.co.uk,123761,,,
223,Othery Village School,Ppat Education,primary,Bridgwater,16.9 EST,62,Lindsay Hayward,Headteacher,not opened (open the website for the office email first),A,"After the first 40 secondaries and all Wessex, by distance",middlezoyandotheryschools.co.uk,148550,,,
255,Leigh On Mendip School,Midsomer Norton Schools Partnership,primary,Radstock,17.1 EST,105,Dan Turull,Headteacher,not opened (open the website for the office email first),A,"After the first 40 secondaries and all Wessex, by distance",leighonmendipschool.co.uk,146447,,,
241,Evercreech Church of England Primary School,Ppat Education,primary,Shepton Mallet,17.6 EST,198,Sarah Hann,Headteacher,not opened (open the website for the office email first),A,"After the first 40 secondaries and all Wessex, by distance",evercreechprimary.co.uk,151186,,,
243,Ditcheat Primary School,LA: Somerset,primary,Shepton Mallet,17.8 EST,89,Rachael Bisset,Headteacher,not opened (open the website for the office email first),A,"After the first 40 secondaries and all Wessex, by distance",ditcheatprimary.org.uk,123642,,,
250,King Ina Church of England Academy,King Ina Church Of England Academy,primary,Somerton,18.2 EST,343,Susannah Svenson,Headteacher,not opened (open the website for the office email first),A,"After the first 40 secondaries and all Wessex, by distance",kingina.somerset.sch.uk,138541,,,
253,Keinton Mandeville Primary School,LA: Somerset,primary,Somerton,18.5 EST,149,Jo Crook,Headteacher,not opened (open the website for the office email first),A,"After the first 40 secondaries and all Wessex, by distance",keintonmandevilleschool.co.uk,123650,,,
